epoch,train_mel_loss,train_dur_loss,train_pitch_loss,train_periodicity_loss,val_mel_loss,val_dur_loss,val_pitch_loss,val_periodicity_loss,val_total_loss,val_happy_mel_loss,val_happy_pitch_loss,val_sad_mel_loss,val_sad_pitch_loss,val_surprise_mel_loss,val_surprise_pitch_loss,val_neutral_mel_loss,val_neutral_pitch_loss,val_angry_mel_loss,val_angry_pitch_loss,elapsed,elapsed_total,lr
1,1.6823075742493545,1.1626598068076222,0.38857478926474265,0.09196114838093257,1.043360653213675,0.3022601143488866,0.17260021293117972,0.06520731109460044,1.5834282915883418,1.04377181374024,0.1741311157696715,1.0426743378719459,0.1704697409967104,1.0426566208155572,0.17809166426148837,1.0423845936381628,0.17096613698772023,1.0450780949088088,0.17013292485027998,5.50952322880427,5.768904348214467,5e-05
2,0.9141446886318214,0.265642797259847,0.170971705463332,0.05596122927790861,0.8549241560946853,0.21509200105648985,0.14678832444401296,0.04548585394489448,1.2622903355400825,0.8551325320083404,0.14805850984058647,0.8549887345960507,0.1447059516615879,0.8549902285921909,0.1514897095461901,0.854286136229833,0.1454599411241592,0.8553217929174469,0.14482050546708775,0.5402550021807353,6.309160673618317,0.0001
3,0.7832085856777873,0.2018926926455779,0.1539690631332599,0.040156251793541,0.7644543110191142,0.17648096308962022,0.13618022942837654,0.03204312342088032,1.1091586269579912,0.7647466461235117,0.13735283311003837,0.7645230118471843,0.13398682399509618,0.7644110346458386,0.14036221388671105,0.7638560276182871,0.1351576333008115,0.7648160459645372,0.13446195374017283,0.3686176180839539,6.677779658635457,0.00015
4,0.7147697430547224,0.16871134156525452,0.14295781453537376,0.03086124823961528,0.7157425154751245,0.14729645118513943,0.1291073882987744,0.02697593098215957,1.019122285941198,0.7158311194348558,0.12985378967545858,0.7157770077196451,0.1275260480156598,0.715478375457533,0.13295863843955438,0.7152967845636701,0.12790761832443495,0.716325033239944,0.12779550961260097,0.31326914628346764,6.991050386428833,0.0002
5,0.6743890804868915,0.14202844221399213,0.13450736679901903,0.02701328804093749,0.6779975984939605,0.12256974601700278,0.12180531749593894,0.025116780309622732,0.9474894423165249,0.6785261106268268,0.12256084144393975,0.6777867713513283,0.12041046225931495,0.6772740929996993,0.12547420087566127,0.6775726266323574,0.12080355262945569,0.6786932732668346,0.12028394092141362,0.36012659072875974,7.35117826461792,0.00025
6,0.6476063058085926,0.1233270384360758,0.12724879183357699,0.025281507182259775,0.6573150046877988,0.11002081622415623,0.11709875804956421,0.02402055030086648,0.9084551292623858,0.6583525771292571,0.11795287973412844,0.6567993570978825,0.11588185088923918,0.656783039188797,0.12051746616095756,0.6566963470171369,0.11605560255074311,0.6578192069058533,0.11560320239450542,0.2804569999376933,7.631636619567871,0.0003
7,0.627387882092748,0.1133835555501901,0.12163632969740332,0.02418756904352973,0.6413298989430126,0.10491087818553692,0.1158497669624285,0.023168450224252256,0.8852589943152304,0.6420250938317487,0.11676531972311367,0.6410988460366542,0.1138935994822532,0.6408971333091769,0.1193235642628716,0.640756224450611,0.11513131049180787,0.6418179094587984,0.11443032049685208,0.25726502736409507,7.88890460729599,0.00035
8,0.611845699048682,0.10668977658412221,0.11714955088838748,0.02338436900581234,0.6293908933269661,0.1003832354631714,0.11090365401238997,0.022717308591583836,0.8633950913941113,0.6300401299913353,0.1120503547383803,0.628552593720647,0.1089442002837761,0.6296145421639889,0.11395844641759123,0.6290396501147558,0.11076112100411029,0.6295941780248193,0.10898739936103594,0.22934749921162922,8.118253521124522,0.0004
9,0.599703801276344,0.10243535865136069,0.11294929426704854,0.022922333442283522,0.6281256643084973,0.09853203187310651,0.10864811246159412,0.02231974127514734,0.8576255499183453,0.629416080501592,0.10958635415707793,0.627300694011725,0.10737857478670776,0.6278594679502895,0.11190915909911592,0.6278686980406444,0.10801533160819894,0.6280197814462941,0.10679650104544268,0.26068453788757323,8.37894377708435,0.00045000000000000004
10,0.5893730114684701,0.09915379485984409,0.10903687238977852,0.022526222220589746,0.610549384287555,0.09815874267440332,0.10728093500146395,0.02185474662216444,0.8378438085855867,0.6111081105526363,0.10805884151258201,0.6102607084008363,0.10591651883441955,0.6099607209407485,0.11043741310228539,0.6098425840574597,0.10667200715295852,0.6114691895633021,0.10570003453375129,0.28514397144317627,8.664089266459147,0.0005
11,0.580898096080554,0.09635740528391143,0.10599379266119731,0.022166598031401426,0.6098629568919482,0.09484652365795107,0.10713793643300525,0.02162111711762704,0.8334685341005317,0.6102586961238183,0.10781862961354657,0.6092189203661221,0.10585625398939905,0.6099820102265278,0.11089197662910426,0.6094057372638157,0.10647903721010875,0.6103563449081707,0.10516864452956072,0.2572054306666056,8.921296095848083,0.0004973684210526315
12,0.5732823879326414,0.09410576477854275,0.10259476804334014,0.02182665272842652,0.5977507242685035,0.09576442690403289,0.10801623894234574,0.021547001574769218,0.8230783916896514,0.5982527610297516,0.10850550643751554,0.5973173755292709,0.10650876675768253,0.5975682337649698,0.11053251191877135,0.5973365723140656,0.10779641722402876,0.5981894482321299,0.10688791746343565,0.22495746215184528,9.146254940827687,0.0004947368421052632
13,0.5656625714216438,0.09192936430532454,0.10006328038803643,0.021460072528321602,0.5942338222786501,0.09429644467486174,0.10354468858740629,0.02140400041135545,0.8134789559522736,0.5946276056432278,0.10395750680537981,0.5936772051052406,0.1025163606256963,0.5942823195560447,0.10661112647463385,0.5936026716043079,0.1028880079528169,0.5949096743767579,0.10218099361037639,0.2290525992711385,9.37531361579895,0.0004921052631578947
14,0.5609621232026876,0.08999316118533822,0.09779424920484721,0.02126178293352939,0.5917219942513527,0.09282208157016297,0.10110381760638024,0.02069038414031607,0.8063382775682121,0.5921985568287217,0.101963974918439,0.591819769774492,0.10026411093377437,0.591069755492406,0.10348365231382924,0.5910920263282836,0.10039792960243565,0.5924101013168946,0.09979320290806758,0.25065363248189293,9.625973550478617,0.0004894736842105264
15,0.5557662598286154,0.08865700151333612,0.09581404276845097,0.021038341573277,0.5876687395708643,0.09335323293966032,0.10577792948529748,0.020635486210027122,0.8074353882058493,0.5880488012438623,0.10662642009904451,0.5871498116220419,0.10381237153286257,0.5876342408342958,0.10871802719378316,0.587292931004176,0.10510739219330606,0.5881214244577259,0.10479653509073086,0.254578705628713,9.880560072263082,0.0004868421052631579
16,0.5513597372697593,0.08705894788028783,0.09276062822322277,0.020849515641544972,0.5831785261857646,0.09287115403454567,0.10094404290270896,0.02063059288116009,0.7976243160041794,0.5837639423174279,0.1016764058618345,0.5827220179713689,0.09974869529609211,0.5829620124454374,0.10387425264645343,0.5826423238194178,0.10016756790970999,0.5837156646487656,0.09964360357754873,0.2807592670122782,10.161322474479675,0.0004842105263157895
17,0.547748252269407,0.08559025293524901,0.0912801822970274,0.020670255789293615,0.5834712697525894,0.09142060304209307,0.10370467739186813,0.020270046441613947,0.7988665966281646,0.5839869149377412,0.10482986444067732,0.5830989186293803,0.10305104487969612,0.5833264514642966,0.10675935068250217,0.583005838923984,0.10223381755252679,0.5838796318391077,0.10230922349967037,0.2467947284380595,10.408119400342306,0.00048157894736842105
18,0.5445168512327235,0.08453218297510126,0.08907261166121036,0.020455570314003108,0.5778130652333394,0.09200958334221133,0.10029154456726952,0.02026481688475881,0.790379010027579,0.5780257465683412,0.1009845091987436,0.5776490465952799,0.0993829074029166,0.5775695045359964,0.1028155740310255,0.577319381918226,0.09980799042516285,0.5784585197224145,0.09882954874873771,0.23120201031366985,10.639326413472494,0.00047894736842105264
19,0.5407519744507073,0.08327641576324107,0.0872231097550565,0.020268370956157425,0.5771656910276232,0.09187240898042577,0.10220311896542633,0.020017663215219746,0.791258882188695,0.5775597620233197,0.10293707626166745,0.5766023345864736,0.10015044192998455,0.5771555242734131,0.10498114242409527,0.5765690882054586,0.10213390733041461,0.5778552734200865,0.10086971446363185,0.24527002970377604,10.884598100185395,0.0004763157894736842
20,0.5377765154780837,0.08207426894634283,0.08466797592167864,0.020180923315937,0.5769909449856544,0.09150246416321273,0.10318358745071825,0.019956514638752993,0.7916335112383384,0.5772755259665373,0.10387595855744086,0.5765645250391501,0.10230071894609584,0.5771366193021605,0.1059050805560971,0.5765375427783481,0.1026564834491601,0.5774061942263268,0.10159464371184034,0.2650433341662089,11.149647124608357,0.00047368421052631577
21,0.5355075566295144,0.08076988452389948,0.08266169959610974,0.02000062970276823,0.5764345522162578,0.09190471798974752,0.1030998854186145,0.020084025332626283,0.7915231809572462,0.5767480109339562,0.1043911048950993,0.5758855981895556,0.10196850770332205,0.5762756293072299,0.10537559364481827,0.5759694291485681,0.10221444232359765,0.5771636875416232,0.1018780884062776,0.2251285473505656,11.374780436356863,0.0004710526315789474
22,0.5328369027941796,0.07987140819437366,0.08097168654043069,0.019907735154855482,0.583764413146465,0.09309662547061652,0.10316771683017564,0.0196784065505171,0.7997071619977743,0.5843747525571663,0.10401493691813166,0.5836557880617105,0.10294764140585008,0.5834291143499749,0.10577451695987782,0.5830411482424963,0.10143812198251012,0.5843267965642258,0.10235028495891306,0.22351895173390707,11.598302376270293,0.00046842105263157895
23,0.5296063768061146,0.07857856373264117,0.07949944179836074,0.01972470987079319,0.5710761475472396,0.0900350769209771,0.10395923708441593,0.019665323189342884,0.7847357847419755,0.5713059281634393,0.1050080190961049,0.5709306408579533,0.10270301739756878,0.5711291038449331,0.10687744173323876,0.5704431273634472,0.10334840425186687,0.5716083695660679,0.10224453562635408,0.22954355080922445,11.827849419911702,0.00046578947368421054
24,0.5275815563577435,0.07758468557323298,0.07780624967454516,0.019684208863671566,0.5741514547242864,0.09223800657366618,0.10452179663421536,0.01955010970565756,0.7904613676378255,0.5745885330939962,0.1051807694206728,0.573757235533916,0.10302773625769007,0.5742738746412372,0.10744106733354843,0.5734503452740018,0.10422679130283613,0.5746892990716082,0.10299143776195854,0.2525726358095805,12.080423533916473,0.00046315789473684214
25,0.52493635851611,0.07652543107299095,0.07613121781504958,0.01955292695138985,0.5731354792761713,0.09092269658815724,0.10713675903163482,0.019776379821305038,0.7909713147172683,0.5733292732283334,0.10785575839125107,0.5726566748836865,0.105326576033034,0.5731147380935966,0.10977709227388414,0.5725727431357853,0.10691269024733513,0.5739198304687344,0.10592013874660174,0.2552531560262044,12.335681331157684,0.0004605263157894737
26,0.5227200624897722,0.07533032710267681,0.07389517259350044,0.019421436012590956,0.5686152329009748,0.0902600021020088,0.10740445022800577,0.01953656468611253,0.785816249917102,0.5690610047812774,0.10789935298472922,0.5679810580152732,0.10694642089164028,0.5687836135695357,0.11003662012597912,0.568065292210806,0.10622548916864963,0.5691166512998704,0.10646557315243185,0.27772847811381024,12.613413186868032,0.00045789473684210527
27,0.5205668035925449,0.07472768870676338,0.07376460415197851,0.019334706396081956,0.5737064442707105,0.090020218287584,0.10511584211664961,0.01942086186075845,0.7882633665357025,0.5740667740875316,0.10576759037848946,0.573298544694598,0.10385797813964578,0.5736331960294982,0.10830549613349381,0.5731507337282574,0.1042263258189436,0.5743223510097725,0.10384992326358683,0.2505785346031189,12.863995011647543,0.00045526315789473686
28,0.5187592817279645,0.07352421329059776,0.07099793523718397,0.019230393509455244,0.5723103250387503,0.0892906365399125,0.10477808916183479,0.019348727434363656,0.7857277781748614,0.572523276271107,0.1052376831872998,0.5716768427250477,0.10342016138243847,0.5726031516849609,0.1081436140056434,0.5718240511795831,0.10463306981301497,0.5728570375426231,0.1028192825742549,0.25202205578486125,13.11602019071579,0.00045263157894736845
29,0.5168365296899643,0.07236200328135876,0.07018497632550234,0.019181855988115466,0.5736000524727564,0.0900617730481543,0.10636952479755923,0.019402783786162676,0.7894341341046326,0.5737329269123969,0.10743648689762454,0.5733147693368105,0.10402946274441022,0.57377397820965,0.1097064358192309,0.5729885879963164,0.1059422628214908,0.5742012213521444,0.10487946734442646,0.22541410128275555,13.341437641779581,0.00045000000000000004
30,0.5151423478833652,0.07176811171649115,0.06841650240364291,0.01910476987469059,0.5681441546392985,0.09019683209662202,0.10734967740089721,0.01931683064753565,0.7850074947843533,0.5682561488909142,0.10779967397172874,0.5677354648136176,0.1056488498669261,0.5682372575702214,0.11125364243887671,0.5674527563746014,0.10622316035959456,0.5690017865379515,0.1062728275923192,0.27835670709609983,13.619797853628794,0.0004473684210526316
31,0.5129833901262819,0.07097980236523498,0.06669608443450316,0.01898543365405931,0.5666801502496117,0.08979463717783359,0.10682858221317879,0.019203413123470296,0.7825067827640944,0.5670718736737688,0.10719820548580071,0.5663945554540708,0.1051104936766653,0.5666604130880879,0.10999432836958965,0.5658707874161857,0.10647150411728828,0.5674109903415315,0.1055934202854137,0.23930308024088542,13.859104144573212,0.00044473684210526317
32,0.5115639024443372,0.07005922589018891,0.06535102824162953,0.018926891322951767,0.5676561553668613,0.09100589639447035,0.10892833423705156,0.01926661339011256,0.7868569993884958,0.5680623580362195,0.10949649673616775,0.566907183911938,0.10786339457934865,0.5676589375180766,0.11253040691849737,0.5672615746657054,0.10777122154831886,0.568239007590167,0.10756360608512225,0.2452092210451762,14.104314923286438,0.0004421052631578947
33,0.5096373565700959,0.06903481688051043,0.06453523689820712,0.0188925672217034,0.5687885518309734,0.09004337083364168,0.10674157851435839,0.01937575115903702,0.7849492523380105,0.5691029294628963,0.10742795819016261,0.5685962735173794,0.10489594841447587,0.5686811195851402,0.10964064660520327,0.5679805055497185,0.10618175080134755,0.5695916337975057,0.10573644528591389,0.2543286164601644,14.35864691734314,0.0004394736842105263
34,0.5080310480525205,0.06820268882754849,0.06276401801940387,0.018799616079518168,0.562566095567928,0.09052534238240564,0.10654319633549157,0.019172874747460333,0.7788075090332855,0.5629854548757321,0.10726531192521069,0.5622307933293856,0.10484140042143945,0.562471434184336,0.1103271460220958,0.5617384940858872,0.10512318669685296,0.5633857980523093,0.10562895167199418,0.2360740343729655,14.59472400744756,0.00043684210526315795
35,0.5063545947573888,0.06746346828497621,0.06195295588153141,0.01875493843833731,0.5693040442557389,0.08951756449933287,0.10956633408826567,0.019251210476225772,0.7876391533195632,0.5695946821542544,0.11058496051581107,0.5686539795536262,0.1081879410910635,0.5694858332689586,0.11270620292515271,0.5687035975948213,0.1083715433107009,0.5700020796202963,0.10841856150547799,0.2345489541689555,14.82927440404892,0.0004342105263157895
36,0.5050454164282508,0.06670132764893907,0.06059364587663842,0.01863395874522242,0.5609931813900009,0.08960482721772937,0.10461248343548395,0.019112555060833127,0.7743230471040472,0.5615113864435214,0.10514603314277168,0.5605196308058041,0.10368467510964435,0.561171196964338,0.10744621444565947,0.5601280428114391,0.10341893734321708,0.5616456957807313,0.10382824410198084,0.23624728123346964,15.065525023142497,0.0004315789473684211
37,0.5032908443572727,0.06580079760537984,0.05975380472523698,0.01857181492802318,0.5588118901724145,0.09098981293661966,0.1110339630182705,0.01903380101879513,0.7798694671460998,0.5592002331653488,0.11239949586653264,0.5585859111295297,0.10912523906713781,0.5587426068715864,0.1142632840502983,0.5579349180062612,0.11028799898331128,0.5596153277382508,0.1093927527692029,0.24485023816426596,15.310378003120423,0.0004289473684210526
38,0.5021568550788704,0.0650327002033476,0.05861125934995073,0.018547744890507714,0.5611871280597643,0.0902393271827879,0.10748997319900491,0.019098916750387093,0.7780153451919443,0.5615643651685982,0.10805647791685345,0.5608980942230958,0.10559592169458763,0.5610094963860563,0.11061242308877972,0.5604523528189886,0.10711774417450504,0.5619781998847532,0.10625047727453017,0.2552671273549398,15.565648519992829,0.0004263157894736842
39,0.5005911868512811,0.064393701051221,0.057233201848814405,0.018515017614564293,0.5648713988949591,0.09047837637563169,0.10993838007685802,0.01911240608463269,0.7844005614320816,0.5649813023683067,0.11046306658710275,0.5647113946481392,0.10809014229856145,0.5648783065587861,0.11334246422765579,0.5642269648256756,0.10897371015614933,0.5655720108808511,0.10911894444719517,0.2094104011853536,15.77506219148636,0.0004236842105263158
40,0.4998021013992156,0.06349732649645815,0.056929926300840136,0.018397865813568497,0.5680254451222293,0.09006351123744544,0.10806532824560716,0.01919771821978201,0.785352002825064,0.5684896088092126,0.10914372312270593,0.5675794401994119,0.10667936677614656,0.5680186754941425,0.11174076616957172,0.5671732616803002,0.10667289470041555,0.5688398143740644,0.10665769016834249,0.20721726417541503,15.982282567024232,0.00042105263157894734
41,0.49788414053801805,0.06294542346298755,0.05551407118807388,0.018363865436514446,0.560809433233602,0.09159980590239224,0.10845881963410758,0.01905861392532238,0.7799266726954242,0.5610359252056228,0.10912279795820468,0.5605975902424409,0.10663194363363661,0.560535060406761,0.11165866724841023,0.5599679406673189,0.10741324797272682,0.5618744987880003,0.1077453942314655,0.24762912193934122,16.229915058612825,0.000418421052631579
42,0.4967704594287613,0.062141675171598604,0.05460113110741688,0.01827213444941638,0.5617727497684638,0.09076721935104508,0.10707379414101517,0.019087823905305716,0.7787015871658297,0.562083463022642,0.10749988422911858,0.5615035491780593,0.1059046883153944,0.5618373340973328,0.11034632483034618,0.5608312424213168,0.10588218782629286,0.5626413554665172,0.1062101765564379,0.20640474955240887,16.43632293144862,0.0004157894736842106
43,0.4954950814208969,0.06129214641743265,0.053893285210278995,0.018277712833374083,0.5660788998404384,0.09027512168702971,0.11017680333594405,0.019111361540145748,0.7856421864035578,0.5663943860018364,0.11076989564522405,0.5652943744968909,0.10879042443747704,0.5662088521613415,0.11409242478547292,0.5653704185334463,0.10925520188988201,0.5670068055493026,0.10851657367073025,0.22683329979578654,16.663159362475078,0.0004131578947368421
44,0.49430938151538695,0.060667573230133005,0.05271680439709695,0.01821224096624073,0.564993135648082,0.09094952446879542,0.11095155438429502,0.01921937276428643,0.7861135872654589,0.5653674224826777,0.11175734528871341,0.5645069184784706,0.1089090411640847,0.5650344511602661,0.11450338981578984,0.5643202117511205,0.10999635339138053,0.5656873947931231,0.10988647620425697,0.2552279233932495,16.918390599886575,0.0004105263157894737
45,0.49338536274057126,0.06024485358006176,0.051715482499108956,0.018153137710614133,0.5605019019130518,0.09065770646238508,0.10863424613788554,0.019010058463243024,0.7788039129765655,0.561024157577586,0.1092466818395062,0.5599743427278904,0.10671568282235128,0.5603361479921938,0.1121892246295,0.5596129426880488,0.10813100712285155,0.5614862811239913,0.1071693225487202,0.22769427299499512,17.146089510122934,0.00040789473684210524
46,0.49218883209506237,0.05962741401176044,0.05143166229487612,0.01811324086207369,0.5613220630036561,0.09284262826007582,0.10881629591319045,0.01888977555919283,0.7818707627361151,0.5616500632785191,0.10948684841533687,0.5609701195588479,0.10689584634159334,0.5615114021249775,0.11226566638757292,0.5604481719789051,0.1082060578323546,0.5620623627620346,0.10749812679104634,0.20850741465886433,17.354599996407828,0.00040526315789473684
47,0.49115301491762187,0.05888317957293996,0.05060186915561117,0.018060048495175233,0.5613515131827089,0.09091494941779416,0.1089892270107233,0.018982828582704295,0.7802385181939306,0.5616581592604378,0.10958504935152062,0.5609603661757249,0.10731219427767567,0.5614038776630459,0.11197783184875422,0.5606157758879283,0.10823534870786326,0.5620988361257742,0.10808496072303517,0.23261835177739462,17.587221666177115,0.00040263157894736843
48,0.4900145019918261,0.058096080178885845,0.048958548687599364,0.018008720169439024,0.5596389471351421,0.09198673499514395,0.11282782105891877,0.018967015641837066,0.7834205188310419,0.559695585531609,0.11335630398069586,0.5593294507035842,0.11115646116937009,0.5597323199842712,0.11644518450224374,0.5588549279977405,0.11173537627217316,0.5605760621536306,0.11184821063620849,0.22858547767003376,17.8158105691274,0.0004
49,0.48926123573837943,0.05767726701794471,0.04896098163838994,0.0179525271152787,0.5618551030358434,0.09203535322907307,0.10665914381751543,0.01885577694658091,0.7794053770290128,0.5621980170223201,0.10715164066614391,0.5615821916323441,0.10536815905764413,0.5618327852201771,0.10979192682238172,0.5609877206976451,0.10568693911154119,0.5626859156344938,0.10569595999430878,0.2310353438059489,18.046848968664804,0.0003973684210526316
50,0.48799285939822273,0.05696709286347628,0.04800344402607756,0.017909385071880352,0.5637087561331774,0.09193126470303807,0.11013976168949795,0.018926808706877803,0.7847065912325911,0.564033219301812,0.1103478277746205,0.5633080815179989,0.1089021381474315,0.5637981766758419,0.11360673348119656,0.5629123238344041,0.1093719981610775,0.5644825504704953,0.10891453834701927,0.22751953601837158,18.274371560414632,0.00039473684210526315
51,0.4866436735447979,0.0562726792805681,0.04762477364910459,0.01783074800315181,0.5634592494130588,0.09246202284052345,0.10821390558218322,0.018991512723068774,0.7831266905588342,0.5638596744180839,0.10863389246096121,0.5628960429189297,0.10656255230200119,0.5635152177213335,0.11160219039920855,0.56276790121245,0.1075244222191118,0.5641925302381808,0.1070669237269985,0.2279086748758952,18.502283680438996,0.00039210526315789474
52,0.48619372030619024,0.05591514521161376,0.04650367907560924,0.01781629000330863,0.558594446263839,0.09158329742716292,0.10728936683769008,0.019047529702234178,0.7765146402309262,0.5587994351565281,0.10766471378574861,0.5582880281771605,0.10566512213196032,0.5586780518229013,0.11045003601915121,0.5578582496870131,0.10696703379471151,0.5593502403526176,0.10594901729235266,0.23030900955200195,18.732596027851105,0.00038947368421052633
53,0.4851536666130729,0.055363710135135295,0.04619449876312474,0.017780752517335578,0.5595028562237555,0.0926109431191089,0.10951886641095346,0.018907423063886028,0.7805400888177039,0.5597362104977402,0.10957879659449943,0.5591007807793525,0.10823089144049355,0.5594585397588512,0.1133617592601359,0.5588275695603991,0.10895771265976013,0.5603362486630983,0.10794549169012507,0.22581870953241984,18.958418202400207,0.00038684210526315787
54,0.48442326878056624,0.054707732048855,0.04557060757378209,0.017704791598669882,0.5578722010547217,0.09222666677866599,0.11133429231865778,0.018876660812093733,0.7803098209641391,0.5580487940913049,0.11166953235586113,0.5577039542393043,0.10893434835956074,0.5578734147368446,0.11489576903487642,0.5568798618657248,0.11103275020325941,0.5588963054145969,0.11024219518584603,0.22749170064926147,19.185913058122,0.00038421052631578946
55,0.4832019462827732,0.0543938286011722,0.04461285072854904,0.017654037651615863,0.561449381879074,0.09288151408669613,0.10897240735618788,0.01879872624326795,0.7821020295652259,0.5615689050371402,0.10971392386149023,0.5610783491283655,0.10759230182828525,0.5616395219870829,0.11217536392659914,0.5606966691357749,0.10824411367140119,0.562262656440507,0.10752747339473039,0.2561524113019307,19.442068620522818,0.00038157894736842105
56,0.4825859912242411,0.05379415555788286,0.04428921931699029,0.01762110393104025,0.5587102733637443,0.09247859723780998,0.11012356492616378,0.018813386757790814,0.7801258222855089,0.558947058927233,0.11063206407511346,0.5584952955922255,0.10865354628409617,0.558727909112852,0.11368169750591849,0.55787602634657,0.10895866269157047,0.5595296603014038,0.10914396378926856,0.23342467546463014,19.675496784845986,0.00037894736842105265
57,0.4815878760771373,0.053303401708017645,0.043615598108538524,0.017597640240641983,0.5611164371323676,0.09289277899061318,0.11111508321172837,0.01882286729864748,0.7839471666333566,0.5611416590548007,0.11193249664991815,0.5607198631534209,0.10911602827791984,0.5612546787406147,0.1138883501323459,0.5604966189180102,0.11019741211618696,0.5619320696531303,0.11058334408029151,0.22853440046310425,19.904034884770713,0.00037631578947368424
58,0.4808974477067681,0.05270209449995854,0.04301075166073409,0.017546352694294977,0.5599976437626683,0.09360125467124547,0.11032363548591563,0.01884401197272562,0.782766545892555,0.5602569985612531,0.1106781451153421,0.5596356134002025,0.10892825303241037,0.5601169103937581,0.11343441515774758,0.5590930767475613,0.10970281740384442,0.56089611916005,0.10920015571213013,0.22958428462346395,20.13362232844035,0.0003736842105263158
59,0.47972350423117477,0.052273589602080096,0.04236416373462261,0.017483428306263787,0.5606614115573607,0.09287376586248666,0.11190170702372214,0.018852119327668,0.7842890037712374,0.5607437405630807,0.11264505458073082,0.5602239125336592,0.11033508606040134,0.5608654381389494,0.11510629577815662,0.5600871351976243,0.11114300782718356,0.5613530214125793,0.11061890715726813,0.26067957480748494,20.394307029247283,0.00037105263157894737
60,0.47927086128737323,0.05160574089367201,0.04219785237524375,0.017442270983866127,0.5581577190881446,0.09309501590157643,0.11186509223038706,0.018826535028253218,0.7819443622483614,0.5582641652811353,0.11233163445352394,0.5577353131599151,0.10983500475637041,0.5583397404936425,0.1159797864473278,0.5574678490086208,0.11105788251946842,0.5589582555936872,0.11049709734173155,0.2322123646736145,20.62652276357015,0.00036842105263157896
61,0.4784154651709223,0.05111213246200952,0.041831903463273756,0.017447248056512914,0.5568379814180584,0.09376536034925809,0.1101192445412788,0.018785243970076394,0.7795078302786718,0.5568996533055172,0.11086090899237963,0.5567641455966693,0.10789934935298963,0.5569050636456285,0.11349687595765225,0.5560734703427269,0.10954691223681919,0.5576030055614055,0.10896465737919352,0.22566707134246827,20.85219314893087,0.00036578947368421055
62,0.4774656568725474,0.0509388688464429,0.04112415463012921,0.017394625606541834,0.5595528976545587,0.09372022867542709,0.11108370620488214,0.018859125891905772,0.7832159584267737,0.5597256328457983,0.11152821786214258,0.5592511724680662,0.10934685850336862,0.5597339703763793,0.11408310775397663,0.55874550030345,0.11050469412335327,0.5603343447727555,0.11016351781124345,0.1971250375111898,21.04932226339976,0.00036315789473684214
63,0.4768520818247953,0.0504565406168539,0.040803173661524625,0.01735103677609247,0.5625144136269283,0.09428212945225574,0.113451309281157,0.018740242670074164,0.7889880950304152,0.5628717852530079,0.11391059265376251,0.5619465167132708,0.11127212897946055,0.5626688522345047,0.11661504251685308,0.5618342657883962,0.11297504885920456,0.5632004876185602,0.11259133996181317,0.2198103388150533,21.269136218229928,0.0003605263157894737
64,0.4764793601010577,0.0499867731842479,0.04015350317519477,0.01732358477077188,0.5569421465405946,0.09295423066548068,0.11017300471833451,0.018781937848592438,0.7788513197730021,0.557115165095463,0.11071934793318544,0.5567609131909333,0.10840585476790483,0.5569024833953149,0.11310332976523023,0.5561136196530054,0.1099569870011201,0.5578349180799296,0.10884568633022162,0.2033982316652934,21.472537930806478,0.0003578947368421053
65,0.475423110059342,0.04945463847176791,0.04007507718929655,0.017286433657730617,0.5606771957738318,0.09573346401348767,0.10920064201713062,0.018825695041864543,0.7844369968463147,0.5609541988818445,0.10979120048964135,0.5602459305754075,0.10748676543768781,0.5607410763303868,0.11273393838728736,0.5598016403970264,0.10875375368410632,0.5616212791346853,0.10756693434593213,0.22046216328938803,21.693003686269126,0.00035526315789473687
66,0.4750952979661131,0.049011399099205315,0.03917938361153717,0.017262626166494092,0.557892413239062,0.09387725356527155,0.1105826637080867,0.01883162895479583,0.7811839594672161,0.5579867603622864,0.11114710100761084,0.5574065729116018,0.1088139400548803,0.5580222019623989,0.11374440226003882,0.557366334824335,0.10977873252261253,0.5586142069040305,0.10968915992273405,0.19798049926757813,21.890987654527027,0.0003526315789473684
67,0.4742368345094181,0.04862837181095558,0.03886325987004161,0.017168674132207254,0.5553308925701185,0.09374966342639561,0.10902219317258538,0.018763580769583753,0.7768663299386832,0.5553976392077509,0.10943081882373194,0.5550733409248866,0.10729772352183667,0.5554582866685179,0.11230237319357451,0.554492759893811,0.10873744036588404,0.5562531999963949,0.10758778288223027,0.19804098606109619,22.089031740029654,0.00035
68,0.4733861676781891,0.048282258411996806,0.03820130063514116,0.0171238466006428,0.5589521067224075,0.09455845256835335,0.10906050521951212,0.0187825819243723,0.7813536464346453,0.5590837079787923,0.10962221088392712,0.5587444375627316,0.10704564165252332,0.5589947314293287,0.1122954537202936,0.5581258392523205,0.10860061003338722,0.5598340128062121,0.10791651806047142,0.2201577107111613,22.309192701180777,0.0003473684210526316
69,0.47301317043379487,0.04780766599186452,0.038234091943410625,0.017095942726803856,0.5577653405784201,0.09426411060552634,0.11293164758514541,0.018920639881106385,0.7838817386501982,0.5579202549479833,0.1134419845225655,0.5576479053841188,0.11143370873581332,0.5578065757875051,0.116310229553131,0.5569355798146082,0.11219575029043924,0.558566759063929,0.11165083554468463,0.1982172171274821,22.507413017749787,0.0003447368421052632
70,0.4722760600335453,0.047471890288766964,0.03784137422454302,0.017061457370831732,0.5573054713441392,0.095205334650473,0.11228812288762045,0.018829839809765835,0.7836287686919985,0.5575277320692472,0.11296402405355578,0.5571784263906571,0.10969502301528476,0.5571904925239266,0.11577594842657157,0.5565902353279174,0.1124006077233288,0.558052527823139,0.11063521120175973,0.2213645577430725,22.728782157103222,0.00034210526315789477
71,0.47168541154621574,0.04701803003614636,0.037266054026277924,0.017011888830930876,0.5580234245202387,0.09492404656945072,0.11114096924832566,0.01876123201654438,0.7828496723545594,0.5581623859494647,0.11160336667410681,0.5579420563120109,0.10882639720176275,0.5579766965839312,0.11430528857312759,0.5572317037317488,0.11109286308406838,0.5588424073551295,0.10991350574094688,0.2206167260805766,22.949402010440828,0.0003394736842105263
72,0.470860096279298,0.04667846978560558,0.036816912130292034,0.017015091799401517,0.556447096877225,0.09562643093301317,0.11085966474769686,0.018818516168077636,0.7817517087260126,0.5566916235139436,0.11117225579708537,0.5562629582217107,0.10930637655278239,0.5562784077024356,0.11470998465596471,0.5555434858042096,0.10994844871262709,0.557459311884011,0.10961444232828992,0.24053633213043213,23.189943162600198,0.0003368421052631579
73,0.4703202050874995,0.04646490572403864,0.03633117104773844,0.016962999654613745,0.5564217528462864,0.09513789787605235,0.1156041115579043,0.018834353021625783,0.7859981153018687,0.5565752397073763,0.11598506376982849,0.5563894195052294,0.11337384490224604,0.556413547137901,0.11927257641570614,0.5555350054824163,0.11542351846657102,0.5572643898452915,0.11413526499434136,0.24086227814356487,23.430809712409975,0.00033421052631578944
74,0.4697286585098205,0.04588931015744576,0.036265553516092196,0.016914036233491463,0.5609029600375506,0.09529964401468125,0.1125689214796621,0.018761810886995873,0.7875333364188899,0.5610874235072982,0.1129562802194992,0.560692164187248,0.11055306854765289,0.5608722052615354,0.11561500064658552,0.5601560294628143,0.11227248272607251,0.5617115075474306,0.11155830655539402,0.22106782595316568,23.651880824565886,0.00033157894736842103
75,0.4695465713228292,0.04576545484061881,0.035927263141075264,0.01689514499983199,0.5576113685002345,0.09544404961537045,0.1136373793217619,0.018773210697414305,0.7854660081347812,0.5576595084689487,0.11414078780423816,0.5574591155522145,0.11128629667935176,0.5575365933949695,0.11636901909956149,0.5566842657233041,0.11343293939791028,0.5587312967704018,0.11290832603852496,0.19880512555440266,23.850689256191252,0.0003289473684210527
76,0.4688036336916602,0.04510706987356489,0.035329879195097356,0.016835980485114824,0.5564010513146114,0.09583935573867065,0.1130152548164016,0.018914138756607423,0.784169800626291,0.5564201552177144,0.11357318357886555,0.5561634429658835,0.11076067931627712,0.5564689062069096,0.11638545560334723,0.5556449979070633,0.11237490325574837,0.5573114972472598,0.11213202962696349,0.21935946544011434,24.070052170753478,0.0003263157894736842
77,0.46811115142035414,0.044878789533837365,0.03509049068384007,0.01685982439495366,0.5564568539082777,0.09602935747615285,0.11088645339805364,0.018827157779224925,0.7821998225617091,0.5567532903680178,0.11143762025738431,0.5561540459211056,0.10878253073539011,0.5563807138613954,0.11398126804481057,0.5556587404674954,0.1105364363167494,0.557319377672957,0.10980790243849615,0.22187152703603108,24.291926809151967,0.0003236842105263158
78,0.46755566482297334,0.04441136541731324,0.03482751596168589,0.016818778255146515,0.5561444907587291,0.09546724207727628,0.11064496982573556,0.018925777529525668,0.7811824801912666,0.5562603688685693,0.11113558321077133,0.5559901262705143,0.10856850231245446,0.5560275363870625,0.11390545442056707,0.5552795745077588,0.11013957207046804,0.5571705452818105,0.10963836324372593,0.25308249791463217,24.5450124780337,0.0003210526315789474
79,0.4670402771651813,0.04418683676761275,0.03444704521647602,0.016760946816108166,0.5577107339304209,0.09630099648305218,0.11124059085383614,0.01885817154902016,0.7841104928163294,0.5577956916015839,0.11223653436542672,0.5573926560867292,0.10880807469276568,0.5577015592264047,0.11461593234835124,0.5570376340358977,0.11071734634775018,0.5585898616615009,0.10995382954185326,0.22257566849390667,24.767591313521066,0.00031842105263157894
80,0.4663995981789668,0.04377944790399606,0.03398203798732277,0.016739832049833116,0.5560065225956557,0.09679526708198591,0.11285928164258202,0.018840154375130234,0.7845012256953539,0.5563102494890445,0.1135246297744947,0.5557879169399922,0.11055592694677986,0.5557274763064045,0.1162351532386652,0.555156725077402,0.11253184013896518,0.5570184968844208,0.11157172857291056,0.19987748861312865,24.967472100257872,0.00031578947368421053
81,0.4659489711601385,0.04335398784980736,0.03379160333373446,0.016663909108759502,0.5586909135484877,0.09600367485457047,0.11165387081442676,0.018804498722231434,0.7851529579397164,0.55880975400176,0.11209653230888822,0.5586631866888359,0.1097705681503822,0.5586330364126366,0.11482690795290547,0.5579017467915066,0.11102550889527987,0.5594962495585757,0.11075520498277587,0.1995451251665751,25.167020642757414,0.00031315789473684207
82,0.46548121950117916,0.04326613245465398,0.0335465321748621,0.016634982060852756,0.5564859077051112,0.09617853390739897,0.1088048952387313,0.018768996075362306,0.7802383329266037,0.556612152919591,0.10925910065525046,0.556474178742904,0.1066796175795249,0.5563344441788758,0.11198198749456498,0.555705420838462,0.10827064010950307,0.5573377377344073,0.10796309084513896,0.21961206595102947,25.386635899543762,0.0003105263157894737
83,0.46482444931931804,0.04267560471693849,0.03329175382632579,0.016634570981118882,0.5542748400466977,0.09654628062202904,0.11213271779365866,0.018706084076782595,0.781659922539168,0.5546273555711051,0.1128424087069302,0.5540465218229935,0.10973235435533123,0.554218992687456,0.11538550589981914,0.5532362954011039,0.11184297876935156,0.5552757360015713,0.11093026257847967,0.19938128391901652,25.58602035442988,0.0003078947368421053
84,0.46452771279452526,0.04257588875586163,0.03316843612107655,0.01656467964669404,0.5543913475914146,0.09641411616095119,0.11052995885619646,0.018797138173260616,0.7801325607818228,0.5545808552581574,0.11093248799443245,0.5543259886594919,0.10838275297115055,0.5542052464145306,0.1138306380476859,0.5534472139108748,0.11026346648023241,0.5554267943108855,0.10936538597295511,0.20114671389261882,25.78717175324758,0.00030526315789473684
85,0.46392715430242065,0.04236247574956746,0.03297708522809266,0.01657587591210694,0.5572612628284063,0.09630831378041112,0.11170681492344055,0.01886052953171413,0.7841369210639721,0.5574285092754899,0.11197109509990594,0.5570512424008205,0.1099279219768225,0.5571977115089384,0.11549967471067643,0.5564093090239025,0.11081187638735014,0.5582238000407561,0.11069375479994374,0.22010634740193685,26.007283262411754,0.00030263157894736844
86,0.46347418920331096,0.041809018082228755,0.032358377749258545,0.0165385320650877,0.5548795201025988,0.09650328402963428,0.11180020842148777,0.018871373653468523,0.7820543862071893,0.554984640629492,0.11213916565909564,0.554654544362655,0.10981123553266606,0.5548772787429859,0.11509361918653577,0.5541045292975411,0.1112117367486159,0.5557782101753221,0.11093324352271931,0.20022155046463014,26.207507987817127,0.0003
87,0.4628351831056939,0.04168412289078919,0.032067921855208514,0.016460682186164345,0.5557686432232875,0.09660236581083487,0.11070080566088963,0.018833861276224086,0.7819056759712361,0.5560281934025132,0.11130845946407764,0.55560189514206,0.10883588950113895,0.5557916031800387,0.11380882549137843,0.5548410644606938,0.1099955648420349,0.5566291415447261,0.10977247609111636,0.2223195751508077,26.429830718040467,0.00029736842105263157
88,0.46267457581278343,0.04147424982400065,0.03192599098915226,0.0164662155872229,0.5569680036700724,0.09687020858544361,0.11037508425490485,0.01877953213119008,0.7829928286416109,0.5571461133867781,0.11083762693767235,0.5567460783685629,0.10859378782781558,0.5570765720845299,0.11353931112564923,0.5561892058168139,0.10967886495211768,0.557714433189952,0.10946576701597956,0.226982581615448,26.656816613674163,0.00029473684210526316
89,0.4618622208861835,0.041182739145908975,0.03151111141407415,0.016426656917699633,0.558192782755587,0.0967512500546731,0.1101198487238739,0.018788940462322743,0.7838528219964568,0.5584357229348655,0.11086603881460484,0.5579578224569559,0.10797080649242091,0.5581063715737016,0.11339556852246979,0.5572788605614314,0.10949129492399239,0.5591886016085693,0.10905179496434972,0.1990570584932963,26.85587753454844,0.00029210526315789475
90,0.46150601273971925,0.04082668844500966,0.031186311991094975,0.01634659758868002,0.5559868619922449,0.09657731780874412,0.11121502866536492,0.018792587062591834,0.7825717955289457,0.5560716984427978,0.11178996404894044,0.555829021649865,0.10920252085018617,0.5558756905292074,0.11441232892433202,0.5552016878884937,0.11090564797558482,0.556953425395204,0.10992522087622014,0.22014695803324383,27.076031025250753,0.00028947368421052634
91,0.4609861408957028,0.04051860459827849,0.0311948346746129,0.016368309622162593,0.556740040470892,0.09731959509645578,0.11234240113782339,0.018890152557154573,0.7852921892623257,0.5568244280102097,0.11318848274439294,0.5566699163844953,0.11088945197228056,0.5567948335447785,0.11565843463491157,0.5559565592379797,0.11154935164229264,0.5575117951977375,0.11083398964701048,0.20086620648701986,27.276900931199393,0.0002868421052631579
92,0.46056666200992696,0.0402116887238834,0.03109093727661078,0.016337681246904007,0.5552771620877343,0.09800818521713577,0.11338998477608532,0.018768526351667175,0.7854438584326224,0.5554543778161022,0.11402484125623079,0.5552415780436534,0.11134954312672982,0.5552032686464214,0.11651750286280722,0.5544336853519318,0.1130593227488654,0.5561058234436114,0.11214331534306547,0.22111952702204388,27.49802425702413,0.00028421052631578947
93,0.46031661845863414,0.040062243400364704,0.03069539414928575,0.01632604826768118,0.5530453285790214,0.09728237833020352,0.11249807853775785,0.018860163594890005,0.7816859490418727,0.5531267002364185,0.11304162612585264,0.5529143750094451,0.11093912647965436,0.5530481162133021,0.11572815765894258,0.5521889071615915,0.11153672500143921,0.5539825259622047,0.11158997647515133,0.19999815225601197,27.698025413354237,0.00028157894736842106
94,0.4596506710936478,0.03991176441564381,0.030327805727133995,0.01629403377250834,0.5540234692196429,0.09742567361874273,0.11138808915370317,0.01881608551814302,0.7816533175102318,0.5542597830852616,0.11197385801890186,0.5537576027787648,0.1089539615652309,0.5539757599068512,0.11490687771376472,0.5532989450863429,0.11075942633407457,0.554813080375105,0.11047694445571801,0.22267375389734903,27.920702544848123,0.0002789473684210526
95,0.4594944340670884,0.03944561926576491,0.03021363711513354,0.016248692860539354,0.5514213183080289,0.0976684431839352,0.11222846049093022,0.018804224308565997,0.7801224462914602,0.551616402429955,0.11291832585479611,0.5512637808345832,0.11008820192028697,0.5514947779750206,0.11555567629168667,0.5504460424657852,0.11146100690913578,0.5523455120597683,0.11131423597983736,0.22328718900680541,28.143992733955383,0.00027631578947368425
96,0.4592240201363816,0.03930793997062921,0.029913776898097075,0.01622086985799502,0.5543341936720642,0.09759558757108427,0.11472547710961715,0.01888873197506589,0.7855439903278314,0.5544974966583965,0.11546872053469454,0.5541463866829872,0.11229133939979455,0.5543125470050211,0.11801464029348437,0.553544211009192,0.1139971404025952,0.5551848286451333,0.11395915565255763,0.20016538302103679,28.344161574045817,0.00027368421052631584
97,0.458629285914807,0.03896900361915051,0.029746872682155194,0.016189354555668195,0.5551106924793113,0.09806276209680753,0.11261608491265729,0.018878470426389925,0.784668009915166,0.5553120047132546,0.11314875601886588,0.5548919463673463,0.11032251769211143,0.5551022815137908,0.11580163699053792,0.5543735639443473,0.11208836927063881,0.5558813095296202,0.11180839747978762,0.20077413320541382,28.544938766956328,0.0002710526315789474
98,0.4584188922218504,0.03860282546816368,0.029713661836272203,0.016157836701959718,0.5577145660331494,0.09814419822887777,0.11196578106499444,0.01888181218601225,0.7867063575130339,0.5578526581559226,0.11266528938278973,0.5572941568321906,0.11007343975898738,0.5578135846757992,0.11505016019933939,0.5570251712723384,0.11142768079326267,0.5585498629779946,0.11081204841186773,0.22307594617207846,28.768018166224163,0.00026842105263157897
99,0.4578325633876333,0.03850409819747847,0.029473712633498756,0.016107727079051264,0.5516296895737883,0.0978689886147985,0.11244489080325733,0.018812413013649984,0.7807559820054942,0.5517742250567285,0.11329394260021014,0.5513528821846614,0.11064377579336557,0.5515905036782085,0.11530369065589317,0.5509324968807281,0.11169296189078264,0.552474740523934,0.11149798298044823,0.2230115016301473,28.991032882531485,0.0002657894736842105
100,0.4573535868359747,0.03834264211462368,0.029117524855119956,0.01604105545103508,0.5527515159360357,0.09831417231278727,0.11205354025268736,0.019015251492422797,0.782134479993933,0.5528298240955745,0.11263550724660125,0.5526661487439504,0.10993158844156334,0.5527056736256083,0.11537631980865615,0.551877445550192,0.11137890196627094,0.553716545320615,0.11112854843990998,0.22103652159372966,29.212073330084483,0.0002631578947368421
101,0.4568610546952723,0.03780378244866864,0.029012297235473883,0.01607682361181133,0.5543165957973031,0.09850534581979419,0.1127712466700902,0.018991598962830952,0.7845847872500185,0.5545584713187173,0.1134988595809892,0.5539701841771603,0.11079205633499302,0.5542678188041786,0.11627169074913081,0.5534356983881148,0.11169980499479505,0.5553272663529822,0.11189816291396325,0.2012253721555074,29.413303844134013,0.0002605263157894737
102,0.4565603552472977,0.037799191011464284,0.028870239138064045,0.01606092933786856,0.5525028396921919,0.0980698888859368,0.11242469701590194,0.01891896496934129,0.781916390563372,0.5526682411398843,0.11319484206560616,0.55223005451262,0.11027133317055324,0.5525248748437375,0.11557392280379845,0.5517644139509352,0.11185010865567223,0.5533219434498927,0.11137976678590522,0.22437955935796103,29.63768665790558,0.0002578947368421053
103,0.4563057243350984,0.037647181593357205,0.028742495058866665,0.016054760600249855,0.550870889130654,0.09852602946440983,0.11248202735820197,0.018876257282416178,0.7807552032356819,0.5511054306386787,0.11344796802813761,0.5505249431500068,0.11074237649042445,0.5508560803487543,0.11591887264059893,0.5500578297509088,0.11136395817119923,0.5517881548241951,0.11132168729786376,0.19981342554092407,29.8375030875206,0.0002552631578947369
104,0.4558359468958952,0.037251618466492144,0.0283569666682347,0.01599418086612547,0.551655953918573,0.0984798475136775,0.11277816794217765,0.0189363766277471,0.7818503460021752,0.5518569726810277,0.11362261639159417,0.5516164510582502,0.110152055348198,0.5516026206716863,0.11609993889509473,0.5507850024435256,0.11218837378990082,0.5524789588239819,0.11188102337458639,0.19942524830500286,30.036931490898134,0.0002526315789473684
105,0.455635889744308,0.037180240041352654,0.02810391320264029,0.015952911036528385,0.5523553949798468,0.09914643520864697,0.11201774574844556,0.018960579777908416,0.7824801557148477,0.5524475822938937,0.11286877334535679,0.5520990942246639,0.10996769262083735,0.5524844628945798,0.11535134223605592,0.5515529888962942,0.11111012658784314,0.553213856224314,0.11103799700126712,0.2011937697728475,30.23812860250473,0.00025
106,0.4553869240293106,0.036936697831162046,0.028042827461462784,0.015958036050101248,0.5527064830631357,0.09876909790836813,0.11344655115341505,0.01893721825581313,0.7838593503807321,0.5530455841082279,0.11419922865439798,0.5524228434436597,0.11113264776157358,0.5526379579859212,0.1167401042535547,0.5517383623690832,0.11265337144335111,0.5536932034907488,0.11265250589736696,0.20141385396321615,30.43954717318217,0.0002473684210526316
107,0.4546867746240202,0.036717554726840525,0.02792530313882809,0.015881093290702537,0.5512363473272143,0.09930928408419679,0.11266095296624949,0.01886612664582385,0.7820727110234844,0.5513626796062862,0.11332710798934241,0.5510971627842921,0.11051055615266356,0.5512299493888542,0.11609990904449644,0.5503880963439033,0.11204213106206486,0.5521368138212392,0.11152749438690651,0.20002788305282593,30.639578600724537,0.0002447368421052632
108,0.45434578774162815,0.036311946435986134,0.02778128588421695,0.01588002777606353,0.5505363053242064,0.09860536290098959,0.1110977273703528,0.018857771619984406,0.7790971672155332,0.5506401291517454,0.11160290690365239,0.5503253968289266,0.10871239688892204,0.5505594560960971,0.11403568214525672,0.5496326877011193,0.11059633009135723,0.5515444153608315,0.11054761415353814,0.20034434795379638,30.839925960699716,0.00024210526315789475
109,0.4541566809321774,0.036226356138595935,0.027739397387099022,0.01586730302189905,0.5505199407896615,0.09862830838889677,0.11262457709575334,0.018957693557548887,0.7807305198318605,0.5506376063712289,0.11326478191207502,0.5502983204160745,0.11053785590383296,0.5505884395304818,0.11613407199216713,0.5497431615988414,0.11189436306437803,0.551350826391181,0.11153363023881416,0.22030229965845743,31.060231471061705,0.00023947368421052632
110,0.45381235021077376,0.0358605162113478,0.02728488270214133,0.015836761716814127,0.5516539434969652,0.09867355132284274,0.11146981752417387,0.018755191619801884,0.7805525039637836,0.5517110749939892,0.11237274446637831,0.5513725638962709,0.1093608822243718,0.5517749844308033,0.11477582931486371,0.5508756575130281,0.11067450266508828,0.5525426240097541,0.11038554461081687,0.22758543888727825,31.287820839881896,0.00023684210526315788
111,0.45354134295348947,0.03570858061907912,0.027039232811566657,0.015794211319741746,0.552073964737214,0.09928455353916371,0.11383830904960632,0.018906977220293233,0.7841038045462773,0.5521796975180367,0.11472456978860303,0.5520266129706914,0.11159005239964105,0.5520693201483197,0.1169227234069781,0.5511914672359588,0.11317718186903568,0.5529634786750677,0.11289897721909216,0.219715412457784,31.50753926038742,0.00023421052631578948
112,0.453251364240089,0.03557361097869447,0.02692582127506314,0.0157951495667614,0.5504971454352027,0.09909258893347511,0.11154931032385663,0.01887724786118636,0.7800162925537208,0.5507561680312468,0.11216787223086179,0.5503633863364275,0.10920597315550996,0.5504725527814861,0.11520216377456038,0.549532136179152,0.11074786155469833,0.5514125190293829,0.11062360933184014,0.22365670998891193,31.731198954582215,0.00023157894736842107
113,0.4527454990686906,0.03537043078088297,0.027148772640884968,0.01575877041271515,0.5513945520604064,0.09897309434051296,0.11181949922680401,0.019054309097419675,0.7812414547251431,0.5515620587028076,0.11241153427791373,0.5514013178360003,0.10984492742528136,0.5513639837567801,0.11514496429950064,0.5504927129026443,0.11095803567459658,0.5522305267662725,0.11097942213861609,0.20062863032023112,31.931830859184267,0.00022894736842105263
114,0.45246543210984175,0.03518515295891545,0.026745911857729697,0.015719900853311566,0.5517816030027295,0.09925393295605373,0.11156048724293255,0.018966731278955255,0.7815627544806709,0.552061334057389,0.11225940115123152,0.5515767278579565,0.10984054814952497,0.5518266704118535,0.11473901691337642,0.5508821143044366,0.11066827038450847,0.5526030767492873,0.11059122633049105,0.20177741845448813,32.13361215988795,0.00022631578947368422
115,0.4520910052479023,0.03497456590374995,0.02658074591638293,0.01571189619140279,0.550721106375125,0.10053528250963516,0.11184554723279104,0.018923101788067997,0.7820250379056192,0.5509797575317811,0.11292061125424421,0.5505936496819441,0.10986294010833192,0.5506425256605539,0.11479853447647383,0.5498084027615805,0.11108971051871777,0.5516187680866125,0.11075092154736202,0.22115424076716106,32.3547709107399,0.0002236842105263158
116,0.45213510983889327,0.034929135126950596,0.026347218148374745,0.015643896443027862,0.5491943191212846,0.10044996051733938,0.11234227750917805,0.01891479793326936,0.7809013550810713,0.5493706698729613,0.11317821761993604,0.549188354697365,0.11056447500148071,0.5491710762225783,0.11559499639285563,0.5483187223237659,0.11142613059353261,0.5499972559689662,0.11125610276115835,0.22132488091786703,32.5760991414388,0.00022105263157894735
117,0.4515782457284243,0.03454127051955923,0.026311453763059572,0.015649454328305737,0.5504593011997498,0.09930996925431966,0.11305747302992715,0.018935729499495527,0.7817624729834922,0.5506817133627205,0.11389846353330345,0.550184113618273,0.1110441475891723,0.5506138994678308,0.11680336017362758,0.5495966267018091,0.11218121657295832,0.5512569009647434,0.11170134552891141,0.22349650859832765,32.7995991786321,0.00021842105263157897
118,0.45108109443620165,0.034286450531026275,0.026235358953667364,0.015587884944406568,0.5497750268236312,0.10021078568447679,0.11258528572524909,0.01906362010498917,0.7816347183383463,0.5500082109576073,0.11337121219557023,0.5494915354423798,0.11050289435885273,0.5497932803553588,0.11580017823766169,0.5490274323357476,0.11197254479167953,0.5505526924296044,0.11146469818548944,0.20131041208902994,33.00091307957967,0.00021578947368421054
119,0.45072105124455486,0.034288748615234135,0.026090903786784646,0.015613899690689272,0.5507704133769858,0.1002099662565913,0.11301556691357391,0.018962482827584552,0.7829584293747356,0.550962448899991,0.11373714378503995,0.5505856873037723,0.111090404044192,0.5507056095172725,0.11665477091144795,0.5499121611080472,0.11216895070577425,0.5517001235444391,0.11175829880320985,0.2005437175432841,33.20145982503891,0.0002131578947368421
120,0.45075876784032815,0.03410337049917676,0.025779162483410473,0.015554360550104153,0.5511895963447628,0.09951163275953481,0.11165877180634343,0.018998691265404,0.781358692176045,0.5512679117862309,0.11257375771893519,0.5510520870582416,0.1097426196703544,0.5512549200016787,0.11499620942684538,0.5503028025702824,0.11097937338645496,0.552117480861449,0.11027718343018672,0.22352696657180787,33.42499000231425,0.00021052631578947367
121,0.45035735816334704,0.0338616899079205,0.02569969442716058,0.015533396956292307,0.5491919760015074,0.10009533724404107,0.11451855597047299,0.01910128628573037,0.7829071555017518,0.5493097764309322,0.11539788483598522,0.5491241229554782,0.11242986484788932,0.5491841356903636,0.11776602288333952,0.5482987963017963,0.1140452336460825,0.550099035578783,0.11314154308251147,0.22740723292032877,33.65240073998769,0.0002078947368421053
122,0.45005259063723463,0.03369829294656535,0.025707703535854356,0.015536215182498266,0.5496857978545214,0.10035961334922922,0.11160559446866068,0.019006464959692364,0.7806574706321037,0.5499677931036905,0.11258032078219352,0.5494109750367128,0.10946702809395412,0.5496743809327194,0.11460287468286622,0.5487523408163162,0.11113674435468893,0.5506360074155566,0.11036975806381923,0.22426857153574625,33.87667249043783,0.00020526315789473685
123,0.4498099118733712,0.03338986568864941,0.025568559521914322,0.015473430756171587,0.5512798744462742,0.09958930520390376,0.11289781825510721,0.018975341560836075,0.7827423394661213,0.551481514222154,0.11362330790992095,0.5510961331713659,0.11078020429704338,0.5511758089323023,0.11624464271167699,0.5504769725458962,0.11240905052021383,0.5521716314777986,0.11161989059439088,0.2011365334192912,34.07781379620234,0.00020263157894736842
124,0.44932347865798655,0.03333084319132355,0.025202641061543057,0.015443983612115707,0.5509285243745086,0.09996479346271703,0.11159055252832152,0.019041023270258885,0.781524893635806,0.5511570928252746,0.11242657091433757,0.5507927269030076,0.10941835229571623,0.5508888953447857,0.11503612373997789,0.55009004435842,0.11105578662384125,0.5517489992514405,0.11022189810694077,0.201485542456309,34.279302906990054,0.0002
125,0.44926692929342604,0.033145325132978576,0.02508610800172708,0.015437526406145414,0.5490073750227576,0.09970422297602824,0.11123389920127709,0.018967126020913796,0.7789126232209768,0.5492510308729154,0.11208232064670491,0.5487296684430196,0.10939477342001808,0.5489621331058362,0.11435903373856267,0.5481914409569332,0.11090275538819176,0.5498950124397213,0.10965173907018562,0.22399452129999797,34.50330091714859,0.00019736842105263157
126,0.4487507835855336,0.03294938097872846,0.02506375034767587,0.015405225098632666,0.5504046997189975,0.10048242088959698,0.1138346455283038,0.01899426139664514,0.7837160275335435,0.5505432583461298,0.11480952851543917,0.5504199209121557,0.11150204638341585,0.5505007430750144,0.11716329568663117,0.5493181781163291,0.11342406453830856,0.5513596138042801,0.11241194902070553,0.20208375056584676,34.70538830757141,0.00019473684210526317
127,0.4485706538533193,0.032867252752029535,0.024871512578420876,0.015412419649327448,0.5500342759342701,0.10023434518521276,0.11224753761472811,0.018981835520879398,0.7814979942550905,0.5502728370862586,0.11279874450971034,0.5498101569425601,0.1102192566747992,0.5500628110142043,0.11552589936242248,0.5491722175053187,0.11177920684927986,0.5508798191978663,0.1110974285281152,0.20194602807362874,34.907337470849356,0.00019210526315789473
128,0.4483273787784371,0.03270403859973138,0.0247739291502423,0.015354557738960294,0.5494346785454696,0.10035132666617745,0.11220219219705452,0.01898403732892225,0.7809722347376238,0.549657758485491,0.11286000744483181,0.5492892733846719,0.1102208941995811,0.5493967368329833,0.115687743706335,0.5484407252735561,0.11163129048451545,0.5504327986020684,0.11086797127468391,0.20116337537765502,35.108503969510394,0.00018947368421052632
129,0.44796539303217237,0.03249634769771165,0.02460609103892292,0.015355793468850078,0.5476400024990619,0.10032993948844902,0.11251137509318812,0.019004787735556014,0.779486104816255,0.5478565616028331,0.1131843854821174,0.547523230027694,0.11049415421887086,0.5476111384756365,0.11576693963669804,0.5466946955711123,0.11192634772686731,0.5485642783267506,0.11138568257232778,0.22181951999664307,35.33032668034236,0.0001868421052631579
130,0.4477814022787113,0.032279194871760286,0.024548043680991567,0.015343099121124353,0.5484241575342621,0.10045820716556034,0.11343592695410261,0.01902202774165021,0.7813403193955752,0.5486756009476207,0.1143411686139129,0.5481910546525166,0.11099124749083646,0.5485067000656869,0.11670904506005943,0.5475516057203687,0.11298974931594871,0.549232927198703,0.11223852183072233,0.20180663267771404,35.53213636875152,0.00018421052631578948
131,0.44738384440307766,0.032292267283712484,0.024462510719349184,0.015305070526463469,0.5462741145162981,0.1008518788581112,0.11085849705191166,0.01898034576879028,0.7769648361951113,0.5464941628625459,0.11163464746324815,0.5461493173184303,0.10888550839780901,0.5462922354753795,0.11397975431373,0.5452825273786273,0.11039547932053369,0.5472135337342988,0.10958218624745417,0.20289359887441,35.73503359158834,0.00018157894736842107
132,0.4471663204769303,0.032004697678643376,0.024232162058311333,0.015261886068521763,0.5476538675819513,0.10063710417810955,0.11249286342596374,0.018987773245505053,0.7797716084315297,0.5479068401817964,0.11331162514669874,0.54759869688692,0.11026695633056359,0.5476977394543765,0.11566368571721967,0.546713652828383,0.11192354966723729,0.548438224725349,0.11143231185299342,0.20263157685597738,35.9376683473587,0.00017894736842105264
133,0.4469765542041591,0.03186492842599991,0.024222272825368162,0.01524172698139014,0.5468412917376471,0.1001935820445815,0.1124532199291222,0.018954989561959817,0.7784430832733106,0.5470215537837733,0.1131809438639712,0.5468077408149838,0.11045944044151558,0.5468847185823882,0.11574252828408524,0.5459171461207526,0.1118401772386971,0.5476597594828329,0.11126439243478783,0.20169339179992676,36.139366535345715,0.0001763157894736842
134,0.44657164625284834,0.03174768156546199,0.02411935976047836,0.015203682872494866,0.5486749409722738,0.10045996218806437,0.1133133634698255,0.019051376024098225,0.7814996426542619,0.5489237716264814,0.11410249505087594,0.5486390519027526,0.11095739618087044,0.5486397022304988,0.11690998813600056,0.5476344257120103,0.11299101091211751,0.5496197286929694,0.11177026088835844,0.2240946928660075,36.36346474091212,0.0001736842105263158
135,0.4464514177795922,0.03146657887794871,0.02397606416955982,0.015211283534136887,0.547318844740835,0.10060768363706966,0.11138917756737865,0.019079663578293396,0.7783953695235767,0.5474969195428295,0.11215099600430961,0.5473132741709168,0.1091621769233965,0.5473702192692725,0.11473497846535936,0.5463582122609729,0.11088728886393327,0.5481523931941888,0.11017065106830702,0.2021505037943522,36.565618721644086,0.00017105263157894739
136,0.446149764982002,0.03134644869182576,0.023757224056309284,0.015149908068772323,0.5501080649433934,0.1009356443023047,0.11162107923978182,0.019074398916597148,0.781739187402077,0.5502952992359055,0.11228522154911656,0.5499268035189464,0.10917264829353931,0.550238203410196,0.1148779595242592,0.5492110401865036,0.11129649591351312,0.5509273582757943,0.11052855886773241,0.20114165544509888,36.766763949394225,0.00016842105263157895
137,0.44610078216833726,0.03125121946597486,0.023843327618980545,0.015139360923042706,0.5483353864104122,0.10070935464517246,0.11252378776612844,0.019123422582509854,0.7806919514042231,0.5485119628014966,0.1132056925619874,0.5482125060202984,0.11046656109213543,0.5484210252761841,0.11594866859861377,0.547425189093938,0.11196731683753786,0.549172286389224,0.11125389713501564,0.2015641450881958,36.96833432515462,0.00016578947368421052
138,0.4455388095301268,0.031140199587514728,0.023676430078446203,0.015152760348100173,0.5472345958644447,0.1010579318884661,0.11310648476216276,0.019092379626552414,0.780491392141626,0.5475205835895004,0.11369364641815702,0.5470484298868821,0.11089918117683667,0.5472098810368944,0.11654034609349191,0.5462844099317278,0.11289772507217195,0.5481467148346298,0.11164871618507666,0.20103074312210084,37.16936829884847,0.0001631578947368421
139,0.4456132375562237,0.030878495814952552,0.023597492613998225,0.01514281608958274,0.5461590634552698,0.10115844295731968,0.11254350448402616,0.019133954032717324,0.778994964929333,0.546405754802383,0.11351769047780572,0.5459829422716911,0.11036917870828453,0.5461050548769742,0.11566173429268997,0.5452374533055321,0.11229096686556225,0.547092351693749,0.11100542993497726,0.20272247791290282,37.372094551722206,0.0001605263157894737
140,0.44520336536458716,0.030780043060881872,0.023442390584228732,0.015119512459956326,0.5464452183291939,0.10153353016526073,0.11242050842413884,0.019098857039507804,0.7794981139581012,0.5466911972126114,0.1133147116715663,0.546286823371282,0.1103773718753543,0.5463688408324322,0.11579483258286512,0.5456065899795957,0.11188012363891753,0.5472950344403043,0.11096944425369488,0.22234683831532795,37.594444489479066,0.00015789473684210527
141,0.44487026198316465,0.030612410548181233,0.02335777751098256,0.015081015831512576,0.5465454319584052,0.1013575314512271,0.11230940840316816,0.019048328318070098,0.7792607001308706,0.5467198611419891,0.11291809531851349,0.5465042604706608,0.11078016021145651,0.5465350380855296,0.1157808884672547,0.5455976321110649,0.11169998053283918,0.5474425889424497,0.11075166785142324,0.20210208495457968,37.7965496579806,0.00015526315789473686
142,0.44466552823006295,0.030528172111012553,0.023173401049798086,0.015041902563925834,0.5461158536232923,0.1009681630043929,0.11220300404404505,0.01913382353565652,0.7784208442073868,0.5462791645638296,0.11271316576923165,0.5460685866956527,0.11026959855539295,0.546098868867491,0.11543512497234036,0.5451570745498415,0.11183317183029085,0.5470444994371498,0.11095365671498174,0.20274933179219565,37.99930395682653,0.00015263157894736842
143,0.4444125485737712,0.03032293776372781,0.023213822046232548,0.015037313795794644,0.546325267766365,0.10136604311914951,0.11293430995805182,0.019171654102976783,0.7797972749465433,0.5465560784963804,0.11369238245849297,0.5462399257633549,0.11088449493623696,0.5463796988548006,0.11640578406997684,0.5453530916618923,0.11230844898474594,0.5471772948731335,0.11162740579542446,0.22522729635238647,38.22453424533208,0.00015
144,0.44429249926721076,0.030235806783454926,0.022977503429607485,0.015005514983881241,0.5480148215257623,0.10128694999920551,0.11233236079773522,0.019118559968165572,0.7807526922908686,0.5482163775747068,0.11304102531660383,0.5479582326056865,0.11027487301124403,0.5480164022991518,0.11555769585764948,0.5471197160463485,0.11215586340616619,0.5488320451751098,0.11078738234301476,0.24639941056569417,38.470936918258666,0.00014736842105263158
145,0.4441761490644303,0.030009066637805108,0.02292841472377056,0.014971413773511022,0.5473922169253853,0.10161886118324084,0.11164621021811047,0.01916526042548196,0.7798225487522186,0.5475973693009849,0.11235318135853126,0.5472651787388784,0.10950720618264033,0.5474105788873544,0.11499384768934796,0.5464545628381154,0.11126765725276773,0.5482886535315791,0.11028124151096612,0.22312464316685995,38.694066286087036,0.00014473684210526317
146,0.4439170103911249,0.029835590897659758,0.02281310827422398,0.014960800767635375,0.5463219545186699,0.10152476152313072,0.11177291835555558,0.019133189952305514,0.7787528243496618,0.546501047700365,0.11239001815703428,0.5462323435080739,0.1098140434254534,0.5463523329849119,0.11495940400122566,0.5453264244492092,0.11127722741710762,0.547268340256027,0.1106153859569351,0.2014600952466329,38.89552977482478,0.00014210526315789474
147,0.44349930332146187,0.029779425963816546,0.02289706125566823,0.014972792275045015,0.5460867928008163,0.10105574582579471,0.11279843501718326,0.01900841693886106,0.7789493905826552,0.5462881057061881,0.11329444621767953,0.5459550306057701,0.11092972248577727,0.5461335297408423,0.11639917289464057,0.5450757716856306,0.11235730160796453,0.5470465449648099,0.1113014910433683,0.20200355450312296,39.09753820498784,0.0001394736842105263
148,0.4433332660490202,0.02964304832454624,0.022718749966952674,0.014952471777102747,0.5462999129476656,0.10188980720682289,0.11226539607283734,0.019070111885100265,0.779525228112426,0.5464244723320008,0.1129217664772105,0.5462978560334215,0.11028164940384719,0.5463017232345968,0.11592265126772112,0.5453672952595211,0.11173834921939979,0.5471888675319457,0.11075142134654847,0.22619444131851196,39.32373600800832,0.00013684210526315792
149,0.44329076130698514,0.02949730444059895,0.022688168160202957,0.014953042533278978,0.5470903503577519,0.10166704511347832,0.11201584374836643,0.01914928649116605,0.7799225257107628,0.547271125338902,0.11269819325654307,0.5470189401306785,0.10979659346720347,0.5471286606968865,0.11529693602871946,0.5460555308868015,0.11159008808788799,0.5480582524383434,0.11083364489237196,0.22439897855122884,39.54813816547394,0.00013421052631578948
150,0.4429281991105673,0.02929101624854981,0.022446271386359566,0.014900241652951451,0.5470105960341914,0.10158257127488067,0.11204725694860343,0.019181116253930805,0.7798215405116063,0.5472142950396671,0.11293176420241872,0.5468288490262169,0.10985767827011071,0.5470492792824689,0.11553381722959535,0.5461082054036004,0.11138047262553184,0.5478932300627029,0.11075621610030582,0.20229817231496175,39.75043956836065,0.00013157894736842105
151,0.4425830431380231,0.02934468236231168,0.022400887699945443,0.014884951944217488,0.5454518398404574,0.10217360417879126,0.113236037310312,0.01905167791425842,0.7799131592438191,0.5456453811342471,0.11411676970876265,0.5454084135305423,0.11119204446171913,0.5454557029526383,0.11654266095509025,0.5444886515064845,0.1127686445970857,0.5463384282060044,0.11177289712881676,0.20212599436442058,39.95256880919138,0.00012894736842105264
152,0.442409433075219,0.029182403647344028,0.02250029710625979,0.014877353974635743,0.546274480212324,0.10158371107773183,0.11215096784635188,0.019137806589839122,0.7791469657262469,0.5463881166181832,0.1129067184351315,0.5462305340915918,0.11008775429441951,0.5463652467882144,0.11570699055142072,0.5453285921187628,0.11164844526303193,0.5471471264297239,0.11065629376384585,0.2020776828130086,40.15464964310328,0.0001263157894736842
153,0.44219147489582233,0.028992512825633702,0.02226243493467824,0.014855923985702756,0.5461985730852917,0.10191787147023379,0.1118957213972458,0.01909029574094503,0.7791024616937163,0.5464320334318642,0.11248458460948177,0.546097825281322,0.10998894421097177,0.5463412066129062,0.11547003975278873,0.5452227061230038,0.1113718146487834,0.5469933967439795,0.11045089092601484,0.20288095871607462,40.35753366152446,0.0001236842105263158
154,0.44213268384101917,0.029007877255701305,0.02227577150651703,0.014821687386748196,0.5470847501047664,0.10156274705332041,0.11217618478681651,0.019116725236489066,0.7799404071813926,0.5472177236993736,0.11294584525662048,0.5470245984884409,0.1102007897122978,0.5471762113643259,0.11540748663327091,0.5462034565115732,0.11166887741003717,0.5478812528348214,0.11086817607029306,0.2025767962137858,40.560113632678984,0.00012105263157894738
155,0.442022123584687,0.028728848164884226,0.02201433207936687,0.014803050220693134,0.5462009978385026,0.10197239204278011,0.11217523306721516,0.019086333614961728,0.7794349565634596,0.5464085740463756,0.11303335565412156,0.5460754469610177,0.11013482082993366,0.5463551970331509,0.11554287124594138,0.5452167926326631,0.11180806873691461,0.5470368868254964,0.11057423128914914,0.20148237546284994,40.761599044005074,0.00011842105263157894
156,0.44181143541616347,0.02876899760233762,0.02201307948313694,0.01477054897546708,0.5466061472892761,0.10199708070591829,0.11260496547353585,0.019210235073369265,0.7804184285420995,0.5469148879853365,0.11336488081055267,0.5463708796753333,0.11051373046715386,0.5467465255996836,0.11587233927511242,0.5456553002198538,0.112197812593409,0.5474026209258382,0.11125191308735988,0.22211580673853557,40.983717906475064,0.00011578947368421053
157,0.4415805281286915,0.02865576781347525,0.021980543790563137,0.014766290408321569,0.5470190734011139,0.10187904921434678,0.11165801654410452,0.019151672106165397,0.7797078112657306,0.5472770065904777,0.11247775466224857,0.5468487369183165,0.10972693958319724,0.5471305934064589,0.1147607446167433,0.5460496501790153,0.11137000304602442,0.5478586102406726,0.11013865396507568,0.20248813231786092,41.18620907862981,0.00011315789473684211
158,0.4413804798582726,0.028408168961830592,0.021908471147216668,0.01475348829162294,0.5464774678415218,0.10201093078566141,0.11202443102693377,0.01910764824797332,0.7796204779020903,0.5467650816819378,0.11290610858770174,0.546331253189307,0.10998114613959423,0.5465712292405493,0.1153405717298485,0.5455124587293655,0.11151202826036347,0.5472820687009206,0.11060079555869509,0.20274129311243694,41.388953824838005,0.00011052631578947368
159,0.44108875979852225,0.02824290803059203,0.021754931540501704,0.014727544779209381,0.547394815279957,0.10229043746969092,0.11256382260259114,0.01912444748211043,0.7813735228343495,0.5476751587101232,0.11329467869668364,0.5472728908061981,0.11056413757614791,0.5474373506418314,0.11563854841575767,0.5464651343368349,0.11223244429344223,0.5481913032792127,0.11124305680724744,0.2034639835357666,41.59242220322291,0.00010789473684210527
160,0.4408047185960587,0.028176675050372402,0.0217006540829007,0.014692551883125331,0.5467050607213503,0.1022696517946149,0.11216399644150933,0.01914161031520412,0.7802803192726786,0.546946345311459,0.11288910164872062,0.5465262027170795,0.11022363415955064,0.5467882019268514,0.11534793169658077,0.5458602239688237,0.11184666212943811,0.5474543277008949,0.11070498281854615,0.20234506130218505,41.79477105935415,0.00010526315789473683
161,0.44085403851529875,0.027983303151824814,0.021660544325964814,0.014692579012616443,0.5454815175596752,0.10189555036364399,0.11366684598841141,0.019231258989966867,0.7802751729016975,0.5456360174116687,0.11464614694781393,0.5453751927528244,0.11141756989169292,0.5456096184305187,0.11674927925735261,0.544541856173485,0.1132976154959391,0.5463249470288436,0.11233104641450753,0.20222214460372925,41.996996613343555,0.00010263157894736843
162,0.4405121266164426,0.027954669527714995,0.021565561552156644,0.01469981611790686,0.5456193674653202,0.10217346939977132,0.11266603968442619,0.01916285000189062,0.7796217265514085,0.5458971529363472,0.11346713250207009,0.5455320391517419,0.11063718559363714,0.5457221778113692,0.11597397381170264,0.5446524615325625,0.11209312491118908,0.5463860277022925,0.11137727082869095,0.2232503374417623,42.22025026082993,0.0001
163,0.4403127456382413,0.02799080940057037,0.021412420734147817,0.014661944023395436,0.5440720140707357,0.10232617618806462,0.11226955662435452,0.019183791410390415,0.7778515382935453,0.5442977282488457,0.11298587795033634,0.5439787190407515,0.11028168362099677,0.5441460388010573,0.11550999552687352,0.5430510438623882,0.11185735169029425,0.5449713168494124,0.11090964050931736,0.22552949984868367,42.445782872041065,9.736842105263158e-05
164,0.44010597030279,0.02759211592522047,0.021275910547675726,0.01464358254441862,0.5451271283762537,0.10252010779235753,0.11254190404832136,0.01924347732315272,0.7794326175400852,0.5453731072283237,0.11328315755752759,0.5450286046386912,0.11055724871738885,0.5451946789579823,0.11565863391782759,0.544205501013332,0.11233680990953294,0.5459099551821731,0.11103202242391508,0.2036522388458252,42.649438560009,9.473684210526316e-05
165,0.44002404011276386,0.027432827732325145,0.021414918928628925,0.014611583377766848,0.5451743781793253,0.1022970266328565,0.11251205853522957,0.019263146824766476,0.779246610172178,0.5453601164238475,0.11332149863521629,0.5450104984383171,0.11047220455769163,0.5453166456382167,0.11568231911239563,0.5442753234079906,0.11212983373848219,0.5459752974351518,0.11112724586609281,0.20344788630803426,42.85288956960042,9.210526315789474e-05
166,0.4398184105542442,0.027506683293244724,0.021289321759860865,0.014612524011876061,0.5446871761133463,0.1023582920318774,0.1125999636296537,0.019209894443731116,0.7788553262186085,0.5449290713417195,0.11326012683109703,0.5445326096736468,0.11052992310410795,0.5447682605706332,0.11617467203227799,0.5437265408417535,0.11209891709306884,0.545544759405351,0.11118105385744938,0.20233048995335898,43.055223337809245,8.947368421052632e-05
167,0.43951871143528093,0.02746286338681379,0.021181055649236117,0.014603437746603965,0.544858717419802,0.10221087762611447,0.11246730699398672,0.01921590745817346,0.7787528094980767,0.5450713505254727,0.11337608714527059,0.5447609054927642,0.11041622564124946,0.5449497807875565,0.11554560388718002,0.5439293587964679,0.11206745291276583,0.5456612168115154,0.11109138390767696,0.20370047092437743,43.2589270512263,8.68421052631579e-05
168,0.43944391699835916,0.02735783281783741,0.021181647778479362,0.014612900576741455,0.5455788321368141,0.10234166095918576,0.11234157455964687,0.019212583178378102,0.7794746508340249,0.5458220500812352,0.11311419048459731,0.5455551062925503,0.11017919576261193,0.5456811078938758,0.1157211405476535,0.5445802755772121,0.11196529373881363,0.5463663497272205,0.11090559832141464,0.223842183748881,43.482772473494215,8.421052631578948e-05
169,0.439363068990007,0.027102726700752863,0.021135358859926644,0.014549618920304944,0.5449467895148825,0.1024800594541963,0.11243911128873607,0.01917595905481976,0.7790419193126347,0.545166754054132,0.11323599862718137,0.5448696059533037,0.1103144456148864,0.545019617284091,0.11578329543122462,0.5440171517549999,0.11210079038190464,0.5457426595911637,0.11094134867369315,0.22308276096979776,43.70586007038752,8.157894736842105e-05
170,0.4390521972752169,0.02714069570028952,0.020974590756187995,0.014555499732055407,0.5454845311977111,0.10235697527348768,0.11298920384717985,0.019231293205979206,0.7800620035243577,0.545701047973098,0.11386397324293573,0.5453916681357301,0.1108353859744966,0.5455900036104298,0.11625844570878514,0.5445319253773916,0.11256945362639806,0.5462935798302445,0.11158778791795819,0.20314288536707562,43.90900603930155,7.894736842105263e-05
171,0.4388865526221661,0.027061793433558815,0.021130926385937786,0.014577933652525018,0.5444327325422048,0.10267843244306941,0.1115706642147706,0.019144121398830594,0.7778259505988754,0.5446854691639125,0.11228577447968109,0.5443819547072053,0.10955018263596755,0.5445733074879285,0.11480037317677656,0.5434195723325487,0.11123031659258736,0.5452162039056166,0.11016622752129218,0.20377651850382486,44.11278581221898,7.631578947368421e-05
172,0.4389244423035102,0.026941105608257573,0.02092014547725301,0.014511693781683353,0.54459092172833,0.10290456881087996,0.11243068424014538,0.01919684082043035,0.7791230155997857,0.5447885046495455,0.11319878094385717,0.5444578979737483,0.11018837254064587,0.5447027787534001,0.11582851174164797,0.5436483913943881,0.11207768083328293,0.5454298898628547,0.11101612441699456,0.22235826253890992,44.33514737288157,7.368421052631579e-05
173,0.4385217785498539,0.026717560554578537,0.020895517406709193,0.014518178986333227,0.5432902499296819,0.10258141282960036,0.1118630371336248,0.019227146265227986,0.776961846158135,0.5434840429609067,0.11259939438689535,0.5431920082953113,0.10987265092822221,0.5434161668591057,0.11519251236808738,0.5423467626174291,0.11131295824334735,0.5440979064426325,0.11056449139687795,0.20230674346288044,44.53745738267899,7.105263157894737e-05
174,0.4384695748725955,0.026701930134549485,0.02086688703399186,0.014520964968384086,0.5436734399414788,0.10219375405021494,0.11297552224121166,0.019205606564482808,0.7780483227973881,0.5439536491287089,0.11381834606143916,0.5435945226882513,0.11104825090688582,0.5437768104266915,0.11640885160918112,0.5426463650332557,0.11235976093818272,0.5444961606235634,0.11152352950195607,0.2246587912241618,44.76211930513382,6.842105263157896e-05
175,0.4383318607019379,0.026598332800425586,0.020733298103845756,0.014463045757532728,0.5440993259614865,0.10235669661044168,0.11210944414025477,0.019241980993022482,0.7778074477052054,0.5443388817466308,0.11271640328324843,0.5440414203330874,0.11033949269375835,0.5442302504445771,0.11557541145554887,0.5430806414948569,0.11150909014164455,0.5449134549284957,0.11071875610678066,0.22572811444600424,44.987850610415144,6.578947368421052e-05
176,0.4381582260340286,0.026538480527193403,0.02057024977206322,0.0144629915175916,0.5439921884935618,0.1027570181416468,0.1116565816642667,0.019227372792623796,0.7776331610920991,0.544280489025829,0.11231431297470476,0.543897120282054,0.10967862365158418,0.5440687336365554,0.11501417406402191,0.5429476512802972,0.11123966422109377,0.5448589557877173,0.11025562089686711,0.22277909517288208,45.21063353220622,6.31578947368421e-05
177,0.4379334671125823,0.02645627816987327,0.020556411371376634,0.014432517740063981,0.5440384326778891,0.1024398846601352,0.11141498594229665,0.019217145818324597,0.7771104490986456,0.5443245096741436,0.11210371145856715,0.5439283592769733,0.10946072218044159,0.5441243445126593,0.11471617391602525,0.54297119104673,0.11093498486729841,0.5449348906811594,0.11008129348349042,0.20291332006454468,45.41355060736338,6.052631578947369e-05
178,0.43770269259566924,0.026265172589973906,0.02046297240494475,0.014452939376856851,0.5431386267277678,0.10255558408598482,0.11133291079970821,0.01924625411063093,0.7762733757240918,0.5433413120073692,0.1120986760358944,0.5430516313331631,0.10938545055866528,0.5432930205733421,0.11477353921880218,0.5421016521397091,0.1108073843672635,0.5440081883310864,0.10986282505451006,0.2033509572347005,45.616904652118684,5.789473684210527e-05
179,0.4375525932400523,0.026307928423314628,0.02048542781723769,0.014450627926363013,0.5441696246767226,0.10292342659865042,0.11174277135741122,0.019208296935849543,0.7780441195686337,0.5444187820514786,0.11245908802636316,0.5441904767917899,0.10977570498541284,0.5442533025087599,0.11513519539753253,0.5430788713315177,0.11122656547952266,0.5450338876389806,0.11035981498429799,0.20391660531361896,45.82082467476527,5.526315789473684e-05
180,0.43755934803493407,0.026012085864845404,0.02036916163392158,0.014404814479834627,0.5439400378288878,0.10256408633727991,0.11172384811218247,0.019194307774588637,0.7774222800529388,0.5442026702043052,0.11246169400270854,0.5438509057634152,0.11002960193973894,0.5440312259655534,0.11503814011973129,0.5429265495330569,0.11105818270099542,0.5447810756061671,0.11034997586961899,0.20397266546885173,46.02480040391286,5.263157894736842e-05
181,0.437420762247064,0.026029828959662958,0.02039537900001887,0.014403138147429412,0.5433258929180101,0.10279217706886988,0.11210211597014742,0.019230530307603428,0.7774507162646309,0.5435813018094714,0.11285398031506583,0.543254299590794,0.11015555060182053,0.543391795124915,0.11552172472004499,0.5422500345915083,0.11160358514577623,0.5442481063840332,0.11063167115247494,0.20211991866429646,46.226923660437265,5e-05
182,0.4373063541198676,0.025999690704731657,0.020263115493912038,0.014360145806571736,0.5439675155248026,0.10300733987596099,0.1114826470386846,0.019240265494007123,0.7776977679334554,0.5442366613405887,0.11219851392730375,0.5439198272875868,0.10956340938663253,0.5440016464203532,0.11494495882200113,0.5429243004984325,0.11087087764153405,0.5448502256906887,0.11011366827140082,0.20384707848230998,46.430774148305254,4.736842105263158e-05
183,0.43694508897287315,0.02583024202206423,0.020306605751486455,0.014384344731452458,0.5431868970620768,0.10264166989593905,0.1110367119822212,0.019229368408681547,0.7760946473489185,0.5434712913548835,0.1118260070681572,0.5431332555241309,0.10918318241154058,0.5432918190183701,0.11451516600555015,0.5420824926050882,0.11034343874170667,0.5440697637434299,0.10962891907974721,0.2035343289375305,46.634311803181966,4.473684210526316e-05
184,0.4368928849268187,0.02581386038217646,0.02034509174071758,0.014378746992658691,0.5432975667964369,0.10288086310878906,0.11149547253044839,0.019196053448455416,0.7768699558841299,0.5435095731343065,0.1123369317049178,0.5432744450294055,0.10950637955326013,0.543390055197104,0.11492164803117706,0.5422579608266316,0.1109316600220544,0.5441650154240709,0.11003841560829825,0.22329663435618083,46.85761235555013,4.210526315789474e-05
185,0.4367934522351225,0.02575445331946768,0.020256666542006505,0.014374011617104526,0.5438908874308656,0.10275925688530556,0.11168746162956658,0.019231981752234947,0.7775695876979726,0.5441061607031065,0.11244756665742286,0.5438467188236805,0.10985435490818837,0.5440157288866475,0.11502705613396595,0.5428830100430383,0.1110783009656838,0.5447106213903264,0.11031110526250085,0.20265869696935018,47.0602742433548,3.9473684210526316e-05
186,0.4365882521254829,0.025662567051727224,0.020082029318029226,0.014306089053004008,0.5432889726678681,0.10287060921749688,0.11150402921914147,0.019243261601223464,0.77690687270573,0.5435364787823685,0.11236783008430606,0.5432411272508594,0.10952549245065221,0.543413917974571,0.11472874144434156,0.5422183722257614,0.11088095004005091,0.5441492397732295,0.11024197453550308,0.2036243995030721,47.26390205224355,3.6842105263157895e-05
187,0.43646008970838635,0.025572267164623973,0.020135159949058082,0.01435416211602785,0.5435008617861643,0.1028849617383326,0.11201156252010694,0.019253041588138266,0.7776504276327421,0.5437603709853698,0.11285170020065576,0.5434479807288601,0.11017728636327845,0.5436027942800625,0.11540544925350092,0.542463121480412,0.11131593923838366,0.5443366002609299,0.11061302725060401,0.20416772762934368,47.468073225021364,3.421052631578948e-05
188,0.43635243078801106,0.025496405314277548,0.020000172261346868,0.014303640090467766,0.5430099888446214,0.10264809641547983,0.11206258707060107,0.01925714006753702,0.7769778123982392,0.5432210672681577,0.11293007539254482,0.5429912030410308,0.11008429693846175,0.5430799738119797,0.11542367813686315,0.5420031303451175,0.11153713551660378,0.5438577802311438,0.11058427949051401,0.22354092995325725,47.69161872863769,3.157894736842105e-05
189,0.4364000708335778,0.02536571043837214,0.01995083973464608,0.014326910127967253,0.5433222956530495,0.10291720989085876,0.11154123057997271,0.01924426375318163,0.7770249998770625,0.543536771457886,0.11233384485278174,0.5432939171934357,0.10965883242002186,0.5434347358300928,0.11491972815494815,0.542275794299822,0.11094307289828384,0.5441828706260428,0.11012761959164012,0.22493314345677692,47.916554947694145,2.8947368421052634e-05
190,0.4362862727871194,0.02534653917876984,0.019958416593163792,0.014280751238055505,0.5437650216849584,0.10297942629558506,0.11136325916749897,0.01925126612753016,0.7773589732755727,0.5439918364319846,0.11218143376373799,0.5437160323445613,0.10938576149503486,0.5438500910546815,0.1146635566445844,0.5427561077806685,0.11081039158716088,0.5446101792232982,0.11000691866661094,0.22447471221288046,48.14103318850199,2.631578947368421e-05
191,0.43598704516178133,0.025225754161323676,0.019983089640030056,0.014303026022060697,0.5438106408137332,0.10269683146771369,0.11181338281572545,0.01924726112742161,0.7775681162245939,0.5440142530147161,0.11270809574661968,0.5437975287294159,0.10979045455594762,0.5439221168311059,0.1150027936964133,0.5427689445870263,0.11129651517267265,0.5446658922238562,0.11046832499218272,0.204526690642039,48.345565021038055,2.368421052631579e-05
192,0.43601748717681843,0.02517929928621172,0.0198780694227708,0.014291951454809085,0.5433970653965446,0.10294266383344229,0.11158907598189075,0.019283313379258257,0.7772121185911359,0.5436146915516007,0.1124915018259922,0.5433645534973878,0.10954914264416751,0.5434925592228866,0.11488624806183975,0.5423640454572345,0.11100292572426418,0.5442565941973351,0.1102383907108787,0.22407347758611043,48.569642917315164,2.105263157894737e-05
193,0.4358602868391435,0.02506667441243831,0.019830312485040552,0.01425882909396596,0.5428715435724295,0.10294573260010875,0.11178161509250054,0.019237028005685188,0.7768359192707239,0.543105369861995,0.1126476471321048,0.5428247750521853,0.10982632791945854,0.5429581086398716,0.11507040963027441,0.5418294814370928,0.11120903680603655,0.5437431786552631,0.11039609422608447,0.20328917900721233,48.77293529510498,1.8421052631578947e-05
194,0.4357938940895935,0.025217480717865868,0.019852983401581564,0.014290921999998048,0.5428619118697743,0.1028963496589842,0.11187318101128697,0.019266353586525745,0.7768977961265712,0.5430948400051794,0.1127842453734897,0.542802934606488,0.10984327170388916,0.5429812636282737,0.11521688031261992,0.541805858176852,0.11130874423635384,0.5437321711725749,0.11044738788806131,0.20383814970652261,48.97677917480469,1.5789473684210526e-05
195,0.43567600304922155,0.02499767882217415,0.01978131430370777,0.014254120272222916,0.5433537533981265,0.10307738597968685,0.11158344511636763,0.019260638775905954,0.777275223270087,0.5435584825890086,0.1124573269388943,0.5433097551218592,0.10960397242496793,0.5434725057357845,0.11494805785318431,0.5423393880091016,0.11103771911372268,0.5441947790441253,0.11011915424450876,0.20388359626134236,49.18066660165787,1.3157894736842104e-05
196,0.4355932943910266,0.024977940740824805,0.019768964154741633,0.014309095064256653,0.5430923332732893,0.10306551175992298,0.1116817148749366,0.019281204834495434,0.7771207647426444,0.5433216216408203,0.11258269570001932,0.5430346384214667,0.10971577638366188,0.5432053218006315,0.11502019066532539,0.542060360690904,0.11109461853546755,0.5439441435471329,0.11024820305559618,0.2243148922920227,49.404986186822256,1.0526315789473684e-05
197,0.43544738994127996,0.024729819335351594,0.019740976132409896,0.014234212599970323,0.5429162612432763,0.10295058909251209,0.11195707631655066,0.019279470687781675,0.7771033973401207,0.5431399550393363,0.11285554783366551,0.5428520128704034,0.10996829207914953,0.5430189954281883,0.11529824278492393,0.5419001156375521,0.11139692311722135,0.5437689181480798,0.11051098147324531,0.20443310340245566,49.60942252874374,7.894736842105263e-06
198,0.43538963926793334,0.02484935193833514,0.01972157622231096,0.014246816477935059,0.5429530158695612,0.10291441244430868,0.11177811962003491,0.01925512794051107,0.7769006758744159,0.5431689396082798,0.11267383454419742,0.5428811599715397,0.10983643733645575,0.5430669820591904,0.11510148010423837,0.5419389765413981,0.111228026845862,0.5438070283001193,0.11030435663212484,0.20394585132598878,49.81337139209111,5.263157894736842e-06
199,0.435434409030565,0.02480581843755386,0.019653475972523714,0.014227522092339783,0.5430465647476255,0.1029245822658557,0.11180818939843558,0.019263316531570013,0.7770426529434867,0.5432670526415389,0.11270677714008037,0.5429835899804647,0.10986317452401496,0.5431667971817,0.1151503241795958,0.5420222900216541,0.11124910038141977,0.5438961585023704,0.11032900752645915,0.20384336312611898,50.01721830765406,2.631578947368421e-06
200,0.4352997489655873,0.024700277675928084,0.0197267180346406,0.014244408370200783,0.5429155367408869,0.10291084443774967,0.11172781667101972,0.019257583126369084,0.7768117809760253,0.5431383639852577,0.11261226449196583,0.5428526011797098,0.10978710313793272,0.5430335311086337,0.11508620391975984,0.5418903778469751,0.11116779243780507,0.5437656857658165,0.1102466549241197,0.2035359263420105,50.22075738112132,0.0
